StoreCode,SalesDate,PosNo,SalesNo,TransactionType,ProcessType,RegisterType,CashierCode,CashierName,MemberCode,SystemTime,TenderType,SettlementType,AccountNumber,PointsUsed,TotalAmount
0001,2026-05-01,3,1,Sale,Normal,Normal,1001,佐藤一郎,M1038,18:04:38,Cash,,,0,1280
0001,2026-05-01,3,2,Sale,Normal,Normal,1001,佐藤一郎,,10:10:48,GiftCard,,,0,400
0001,2026-05-01,2,3,Sale,Normal,Normal,1001,佐藤一郎,,20:50:58,Cash,,,0,770
0001,2026-05-01,1,4,Sale,Normal,Normal,1001,佐藤一郎,M1026,14:43:58,GiftCard,,,100,1700
0001,2026-05-01,2,5,Sale,Normal,Normal,1001,佐藤一郎,M1007,19:30:05,Cash,,,0,320
0001,2026-05-01,1,6,Sale,Normal,Normal,1001,佐藤一郎,,18:39:48,Cash,,,0,680
0001,2026-05-01,2,7,Return,Normal,Normal,1001,佐藤一郎,M1026,18:16:09,Credit,BarcodePay,496484883052,0,480
0001,2026-05-01,2,8,Sale,Normal,Normal,1001,佐藤一郎,M1032,19:46:45,Cash,,,0,910
0001,2026-05-01,2,9,Sale,Normal,Normal,1002,鈴木二郎,,18:45:17,Credit,Credit,166955864212,0,150
0001,2026-05-01,1,10,Sale,Normal,Normal,1002,鈴木二郎,,14:11:20,Credit,BarcodePay,964578651732,0,930
0001,2026-05-01,1,11,Sale,Normal,Normal,1002,鈴木二郎,M1021,16:51:54,GiftCard,,,200,140
0001,2026-05-01,3,12,Sale,Normal,Normal,1002,鈴木二郎,M1007,12:20:51,Credit,EMoney,408652359830,0,1170
0001,2026-05-01,1,13,Sale,Normal,Normal,1002,鈴木二郎,M1036,15:09:12,Cash,,,0,1570
0001,2026-05-01,3,14,Sale,Normal,Normal,1002,鈴木二郎,M1002,12:57:56,GiftCard,,,200,220
0001,2026-05-01,3,15,Sale,Normal,Normal,1002,鈴木二郎,,17:26:03,GiftCard,,,0,160
0001,2026-05-01,2,16,Sale,Normal,Normal,1002,鈴木二郎,,12:12:07,Cash,,,0,240
0001,2026-05-01,1,17,Sale,Normal,Normal,1002,鈴木二郎,,16:40:36,GiftCard,,,0,220
0001,2026-05-01,1,18,Sale,Normal,Normal,1003,高橋三郎,M1020,11:02:07,Cash,,,0,880
0001,2026-05-01,1,19,Sale,Normal,Normal,1003,高橋三郎,M1008,20:46:24,Credit,EMoney,508206411608,100,1040
0001,2026-05-01,3,20,Sale,Normal,Normal,1003,高橋三郎,M1015,13:44:37,Cash,,,0,1500
0001,2026-05-01,3,21,Sale,Normal,Normal,1003,高橋三郎,,15:42:06,Credit,Credit,747730979192,0,240
0001,2026-05-01,3,22,Sale,Rekey,Normal,1003,高橋三郎,M1006,15:11:52,Cash,,,0,460
0001,2026-05-01,3,23,Sale,Normal,Normal,1003,高橋三郎,,13:51:05,Cash,,,0,350
0001,2026-05-01,1,24,Sale,Normal,Normal,1003,高橋三郎,M1004,19:15:29,Credit,UnionPay,504813106036,0,1200
0001,2026-05-01,3,25,Sale,Normal,Normal,1003,高橋三郎,M1030,15:57:56,Cash,,,0,250
0001,2026-05-01,1,26,Sale,Normal,Normal,1003,高橋三郎,,13:48:12,Cash,,,0,540
0001,2026-05-01,2,27,Sale,Normal,Normal,1003,高橋三郎,M1017,12:11:36,Cash,,,0,1140
0001,2026-05-01,1,28,Sale,Normal,Normal,1003,高橋三郎,,16:58:14,GiftCard,,,0,260
0001,2026-05-01,3,29,Sale,Normal,Normal,1004,田中四郎,M1039,09:57:59,Cash,,,200,140
0001,2026-05-01,2,30,Sale,Normal,Normal,1004,田中四郎,M1018,16:37:46,Credit,Credit,465198424222,0,720
0001,2026-05-01,2,31,Sale,Normal,Normal,1004,田中四郎,M1027,17:58:16,Cash,,,0,750
0001,2026-05-01,2,32,Sale,Normal,Normal,1004,田中四郎,M1003,19:46:36,Credit,EMoney,504496173453,200,1050
0001,2026-05-01,3,33,Sale,Normal,Normal,1004,田中四郎,M1035,20:25:22,Cash,,,100,660
0001,2026-05-01,1,34,Sale,Normal,Normal,1004,田中四郎,,14:31:54,GiftCard,,,0,520
0001,2026-05-01,3,35,Sale,Normal,Normal,1004,田中四郎,M1026,15:52:47,Cash,,,200,290
0001,2026-05-01,2,36,Sale,Normal,Normal,1004,田中四郎,M1028,14:35:57,Credit,UnionPay,684016667813,0,830
0001,2026-05-01,3,37,Sale,Normal,Normal,1005,渡辺五郎,M1002,16:07:36,Cash,,,100,980
0001,2026-05-01,2,38,Sale,Normal,Normal,1005,渡辺五郎,M1034,14:21:55,Cash,,,0,470
0001,2026-05-01,3,39,Sale,Normal,Normal,1005,渡辺五郎,M1012,12:31:20,Cash,,,0,160
0001,2026-05-01,2,40,Sale,Normal,Normal,1005,渡辺五郎,M1004,12:41:31,Cash,,,100,1230
0001,2026-05-01,2,41,Sale,Normal,Normal,1005,渡辺五郎,,14:09:54,Cash,,,0,390
0001,2026-05-01,2,42,Sale,Normal,Normal,1005,渡辺五郎,M1038,16:11:03,Credit,UnionPay,449816595189,0,810
0001,2026-05-01,3,43,Sale,Normal,Normal,1005,渡辺五郎,,09:51:46,Cash,,,0,740
0001,2026-05-01,1,44,Sale,Normal,Normal,1005,渡辺五郎,M1001,09:10:32,Cash,,,200,130
0002,2026-05-01,1,1,Sale,Normal,Normal,1001,佐藤一郎,M1022,15:19:48,Credit,UnionPay,303123750344,200,1070
0002,2026-05-01,2,2,Sale,Normal,Normal,1001,佐藤一郎,M1030,11:32:46,Credit,UnionPay,636653827405,0,240
0002,2026-05-01,3,3,Sale,Normal,Normal,1001,佐藤一郎,,10:20:15,Credit,Credit,773788172056,0,230
0002,2026-05-01,1,4,Sale,Normal,Normal,1001,佐藤一郎,M1012,14:36:19,Cash,,,0,360
0002,2026-05-01,1,5,Sale,Normal,Normal,1001,佐藤一郎,M1000,13:13:14,GiftCard,,,0,1120
0002,2026-05-01,1,6,Sale,Normal,Normal,1001,佐藤一郎,M1029,19:39:06,Credit,BarcodePay,763155233722,0,1050
0002,2026-05-01,3,7,Sale,Normal,Normal,1001,佐藤一郎,,14:27:50,Credit,EMoney,483325325545,0,150
0002,2026-05-01,1,8,Sale,Normal,Normal,1001,佐藤一郎,M1010,20:13:55,GiftCard,,,200,1480
0002,2026-05-01,1,9,Sale,Normal,Normal,1001,佐藤一郎,,10:01:46,Cash,,,0,360
0002,2026-05-01,2,10,Sale,Normal,Normal,1001,佐藤一郎,M1027,16:47:12,Credit,BarcodePay,212283146558,0,1380
0002,2026-05-01,1,11,Sale,Normal,Normal,1002,鈴木二郎,,14:54:18,Cash,,,0,930
0002,2026-05-01,2,12,Sale,Normal,Normal,1002,鈴木二郎,M1029,17:02:31,Cash,,,0,200
0002,2026-05-01,2,13,Sale,Normal,Normal,1002,鈴木二郎,,13:16:15,Credit,UnionPay,896365185065,0,980
0002,2026-05-01,2,14,Sale,Normal,Normal,1002,鈴木二郎,,17:48:53,Cash,,,0,420
0002,2026-05-01,2,15,Sale,Normal,Normal,1002,鈴木二郎,,17:42:48,GiftCard,,,0,1180
0002,2026-05-01,3,16,Sale,Normal,Normal,1002,鈴木二郎,M1033,14:08:33,Cash,,,0,1100
0002,2026-05-01,1,17,Return,Normal,Normal,1002,鈴木二郎,M1028,13:58:22,Cash,,,0,880
0002,2026-05-01,1,18,Sale,Normal,Normal,1002,鈴木二郎,M1005,12:47:05,Credit,Credit,794680977123,0,720
0002,2026-05-01,2,19,Sale,Normal,Normal,1002,鈴木二郎,,13:30:29,Cash,,,0,240
0002,2026-05-01,1,20,Sale,Normal,Normal,1002,鈴木二郎,,20:29:43,Cash,,,0,240
0002,2026-05-01,1,21,Sale,Normal,Normal,1003,高橋三郎,,11:03:33,GiftCard,,,0,610
0002,2026-05-01,2,22,Sale,Normal,Normal,1003,高橋三郎,M1018,14:58:38,Cash,,,0,830
0002,2026-05-01,1,23,Sale,Normal,Normal,1003,高橋三郎,M1020,20:22:33,Credit,UnionPay,549119873869,0,1410
0002,2026-05-01,2,24,Sale,Normal,Normal,1003,高橋三郎,,13:53:12,Cash,,,0,160
0002,2026-05-01,3,25,Sale,Normal,Normal,1003,高橋三郎,M1007,19:23:33,Credit,BarcodePay,607203548891,0,870
0002,2026-05-01,1,26,Sale,Normal,Normal,1003,高橋三郎,M1019,10:38:32,Cash,,,0,780
0002,2026-05-01,1,27,Sale,Normal,Normal,1003,高橋三郎,M1039,15:27:35,Credit,BarcodePay,357952955920,0,590
0002,2026-05-01,2,28,Sale,Normal,Normal,1003,高橋三郎,M1006,11:20:14,Cash,,,100,320
0002,2026-05-01,2,29,Sale,Normal,Normal,1004,田中四郎,M1034,17:28:47,Cash,,,200,380
0002,2026-05-01,1,30,Sale,Normal,Normal,1004,田中四郎,M1035,11:38:56,Cash,,,0,150
0002,2026-05-01,3,31,Sale,Normal,Normal,1004,田中四郎,M1024,19:27:37,Credit,BarcodePay,415406117204,0,1080
0002,2026-05-01,1,32,Sale,Normal,Normal,1004,田中四郎,M1027,19:21:41,Cash,,,200,290
0002,2026-05-01,2,33,Sale,Normal,Normal,1004,田中四郎,M1030,13:22:29,Credit,EMoney,727934400001,100,720
0002,2026-05-01,2,34,Sale,Normal,Normal,1004,田中四郎,M1003,13:40:12,Cash,,,200,820
0002,2026-05-01,2,35,Sale,Normal,Normal,1004,田中四郎,M1002,12:24:56,GiftCard,,,0,140
0002,2026-05-01,2,36,Sale,Normal,Normal,1004,田中四郎,M1003,20:07:13,Cash,,,200,990
0002,2026-05-01,3,37,Sale,Normal,Normal,1004,田中四郎,,13:28:23,Cash,,,0,1520
0002,2026-05-01,1,38,Sale,Normal,Normal,1004,田中四郎,,10:45:26,Cash,,,0,480
0002,2026-05-01,2,39,Sale,Normal,Normal,1005,渡辺五郎,M1028,09:37:22,Credit,EMoney,201461481845,0,1470
0002,2026-05-01,3,40,Sale,Normal,Normal,1005,渡辺五郎,M1030,11:15:18,Credit,UnionPay,223321648670,0,780
0002,2026-05-01,3,41,Sale,Normal,Normal,1005,渡辺五郎,,16:44:12,Cash,,,0,750
0002,2026-05-01,2,42,Sale,Normal,Normal,1005,渡辺五郎,M1004,19:20:14,GiftCard,,,0,280
0002,2026-05-01,3,43,Sale,Normal,Normal,1005,渡辺五郎,M1011,17:12:42,Cash,,,0,870
0002,2026-05-01,1,44,Sale,Normal,Normal,1005,渡辺五郎,,09:42:31,Cash,,,0,410
0002,2026-05-01,2,45,Sale,Normal,Normal,1005,渡辺五郎,,13:34:17,Credit,UnionPay,147905291755,0,240
0002,2026-05-01,3,46,Sale,Normal,Normal,1005,渡辺五郎,,20:13:54,Credit,BarcodePay,148348630161,0,540
0002,2026-05-01,3,47,Sale,Normal,Normal,1005,渡辺五郎,,11:16:08,Cash,,,0,360
0002,2026-05-01,3,48,Sale,Normal,Normal,1005,渡辺五郎,,15:45:29,Credit,UnionPay,294404475818,0,160
0001,2026-05-02,2,45,Return,Normal,Normal,1001,佐藤一郎,M1020,10:02:51,Cash,,,0,180
0001,2026-05-02,2,46,Sale,Normal,Normal,1001,佐藤一郎,M1015,12:14:10,Cash,,,0,180
0001,2026-05-02,1,47,Sale,Normal,Normal,1001,佐藤一郎,M1037,12:29:36,Cash,,,0,860
0001,2026-05-02,1,48,Sale,Normal,Normal,1001,佐藤一郎,M1019,12:23:33,GiftCard,,,100,160
0001,2026-05-02,1,49,Sale,Normal,Normal,1001,佐藤一郎,,09:01:30,Credit,Credit,661388721414,0,990
0001,2026-05-02,1,50,Sale,Normal,Normal,1001,佐藤一郎,,19:12:15,Cash,,,0,1050
0001,2026-05-02,2,51,Sale,Normal,Normal,1001,佐藤一郎,M1021,15:29:21,Credit,Credit,436394256625,100,1080
0001,2026-05-02,3,52,Sale,Normal,Normal,1001,佐藤一郎,,09:39:25,Cash,,,0,320
0001,2026-05-02,2,53,Sale,Normal,Normal,1002,鈴木二郎,M1027,20:52:48,Cash,,,0,760
0001,2026-05-02,1,54,Sale,Normal,Normal,1002,鈴木二郎,M1027,16:25:03,Credit,EMoney,125404802819,100,1720
0001,2026-05-02,1,55,Sale,Normal,Normal,1002,鈴木二郎,M1006,13:35:54,Cash,,,100,910
0001,2026-05-02,1,56,Sale,Normal,Normal,1002,鈴木二郎,,10:18:12,Cash,,,0,940
0001,2026-05-02,1,57,Return,Normal,Normal,1002,鈴木二郎,,11:48:17,Credit,Credit,378276142773,0,1070
0001,2026-05-02,3,58,Sale,Normal,Normal,1002,鈴木二郎,M1025,13:53:33,Cash,,,0,350
0001,2026-05-02,1,59,Sale,Normal,Normal,1002,鈴木二郎,,13:47:07,Credit,Credit,289084528305,0,700
0001,2026-05-02,2,60,Sale,Normal,Normal,1002,鈴木二郎,M1018,16:49:45,Cash,,,0,460
0001,2026-05-02,2,61,Sale,Normal,Normal,1002,鈴木二郎,M1029,14:44:23,Credit,BarcodePay,720533274801,0,1010
0001,2026-05-02,1,62,Sale,Normal,Normal,1002,鈴木二郎,M1014,18:03:24,Cash,,,0,1190
0001,2026-05-02,3,63,Sale,Normal,Normal,1003,高橋三郎,M1013,16:02:07,Cash,,,0,390
0001,2026-05-02,3,64,Return,Normal,Normal,1003,高橋三郎,M1034,09:13:48,Credit,EMoney,586828703230,0,1400
0001,2026-05-02,3,65,Sale,Normal,Normal,1003,高橋三郎,,14:18:21,Cash,,,0,370
0001,2026-05-02,3,66,Sale,Normal,Normal,1003,高橋三郎,,15:52:13,GiftCard,,,0,710
0001,2026-05-02,3,67,Sale,Normal,Normal,1003,高橋三郎,,17:47:31,Credit,EMoney,966927857509,0,1060
0001,2026-05-02,2,68,Sale,Normal,Normal,1003,高橋三郎,,09:11:59,Cash,,,0,590
0001,2026-05-02,1,69,Sale,Normal,Normal,1003,高橋三郎,,14:28:19,Cash,,,0,360
0001,2026-05-02,2,70,Sale,Normal,Normal,1003,高橋三郎,M1036,17:30:21,Cash,,,0,420
0001,2026-05-02,3,71,Sale,Normal,Normal,1003,高橋三郎,M1010,12:30:45,Cash,,,0,220
0001,2026-05-02,2,72,Sale,Normal,Normal,1004,田中四郎,M1015,18:24:09,Cash,,,0,1150
0001,2026-05-02,3,73,Sale,Normal,Normal,1004,田中四郎,M1002,15:48:15,Credit,UnionPay,303446553315,0,1310
0001,2026-05-02,3,74,Sale,Normal,Normal,1004,田中四郎,M1000,11:31:16,Cash,,,0,1340
0001,2026-05-02,3,75,Sale,Normal,Normal,1004,田中四郎,,14:52:50,Cash,,,0,810
0001,2026-05-02,3,76,Sale,Normal,Normal,1004,田中四郎,M1038,12:12:46,Credit,UnionPay,813881541637,0,330
0001,2026-05-02,1,77,Sale,Normal,Normal,1004,田中四郎,,17:36:01,Credit,UnionPay,699677140035,0,840
0001,2026-05-02,2,78,Sale,Normal,Normal,1004,田中四郎,,17:15:10,Credit,UnionPay,310811018370,0,1030
0001,2026-05-02,1,79,Sale,Normal,Normal,1004,田中四郎,M1037,16:12:04,Credit,UnionPay,906470524149,0,200
0001,2026-05-02,1,80,Sale,Normal,Normal,1004,田中四郎,,18:43:40,GiftCard,,,0,990
0001,2026-05-02,2,81,Sale,Normal,Normal,1005,渡辺五郎,M1001,12:24:50,GiftCard,,,0,370
0001,2026-05-02,3,82,Sale,Normal,Normal,1005,渡辺五郎,M1011,14:04:56,Cash,,,0,380
0001,2026-05-02,3,83,Sale,Normal,Normal,1005,渡辺五郎,M1022,11:10:40,Credit,UnionPay,946581797645,0,820
0001,2026-05-02,1,84,Sale,Normal,Normal,1005,渡辺五郎,M1001,16:15:32,Cash,,,0,540
0001,2026-05-02,1,85,Sale,Normal,Normal,1005,渡辺五郎,M1033,11:29:51,GiftCard,,,0,1120
0001,2026-05-02,2,86,Sale,Normal,Normal,1005,渡辺五郎,,16:58:44,Cash,,,0,300
0001,2026-05-02,1,87,Sale,Normal,Normal,1005,渡辺五郎,M1022,10:11:16,Cash,,,0,930
0001,2026-05-02,3,88,Sale,Normal,Normal,1005,渡辺五郎,M1004,13:34:47,Credit,EMoney,380846125547,0,290
0002,2026-05-02,3,49,Sale,Normal,Normal,1001,佐藤一郎,,20:33:35,Credit,EMoney,341356687655,0,1070
0002,2026-05-02,3,50,Sale,Normal,Normal,1001,佐藤一郎,M1028,13:25:34,Cash,,,100,840
0002,2026-05-02,2,51,Sale,Normal,Normal,1001,佐藤一郎,,18:45:39,GiftCard,,,0,490
0002,2026-05-02,3,52,Sale,Normal,Normal,1001,佐藤一郎,,13:43:50,Cash,,,0,470
0002,2026-05-02,2,53,Sale,Normal,Normal,1001,佐藤一郎,,09:09:48,Cash,,,0,1220
0002,2026-05-02,3,54,Sale,Normal,Normal,1001,佐藤一郎,M1003,13:31:21,Credit,EMoney,883310624380,200,400
0002,2026-05-02,2,55,Sale,Normal,Normal,1001,佐藤一郎,M1025,09:19:28,GiftCard,,,0,530
0002,2026-05-02,1,56,Sale,Normal,Normal,1002,鈴木二郎,M1028,15:14:04,Cash,,,100,1490
0002,2026-05-02,1,57,Sale,Normal,Normal,1002,鈴木二郎,M1014,16:35:19,Credit,BarcodePay,209531820411,0,1370
0002,2026-05-02,1,58,Sale,Normal,Normal,1002,鈴木二郎,,14:40:20,Credit,EMoney,830469816699,0,600
0002,2026-05-02,2,59,Sale,Normal,Normal,1002,鈴木二郎,,14:34:19,Cash,,,0,760
0002,2026-05-02,1,60,Sale,Normal,Normal,1002,鈴木二郎,,16:07:32,Cash,,,0,520
0002,2026-05-02,2,61,Sale,Normal,Normal,1002,鈴木二郎,,14:57:16,Cash,,,0,1200
0002,2026-05-02,3,62,Sale,Normal,Normal,1002,鈴木二郎,M1026,10:16:36,GiftCard,,,0,250
0002,2026-05-02,1,63,Sale,Normal,Normal,1003,高橋三郎,M1004,19:27:05,Credit,EMoney,764526224419,0,410
0002,2026-05-02,3,64,Return,Normal,Normal,1003,高橋三郎,,13:18:42,GiftCard,,,0,360
0002,2026-05-02,2,65,Sale,Normal,Normal,1003,高橋三郎,M1000,20:33:49,Cash,,,0,140
0002,2026-05-02,3,66,Return,Normal,Normal,1003,高橋三郎,,20:52:38,Credit,UnionPay,777087213997,0,580
0002,2026-05-02,2,67,Sale,Normal,Normal,1003,高橋三郎,M1021,09:16:27,Cash,,,0,660
0002,2026-05-02,1,68,Sale,Normal,Normal,1003,高橋三郎,M1017,14:27:17,GiftCard,,,0,610
0002,2026-05-02,3,69,Sale,Normal,Normal,1003,高橋三郎,,15:44:38,Cash,,,0,930
0002,2026-05-02,2,70,Sale,Normal,Normal,1003,高橋三郎,M1004,17:33:48,Cash,,,0,510
0002,2026-05-02,1,71,Sale,Normal,Normal,1003,高橋三郎,M1037,14:52:07,Cash,,,200,690
0002,2026-05-02,3,72,Sale,Normal,Normal,1004,田中四郎,M1034,13:22:40,GiftCard,,,0,860
0002,2026-05-02,1,73,Sale,Normal,Normal,1004,田中四郎,M1029,09:27:42,Cash,,,0,1130
0002,2026-05-02,3,74,Sale,Normal,Normal,1004,田中四郎,,14:00:49,Credit,EMoney,736986121208,0,820
0002,2026-05-02,1,75,Sale,Normal,Normal,1004,田中四郎,M1012,11:49:04,GiftCard,,,100,940
0002,2026-05-02,1,76,Sale,Normal,Normal,1004,田中四郎,M1002,13:04:15,Credit,Credit,588551266381,0,1060
0002,2026-05-02,2,77,Sale,Normal,Normal,1004,田中四郎,M1002,10:00:38,Cash,,,100,520
0002,2026-05-02,2,78,Sale,Normal,Normal,1004,田中四郎,,14:21:55,Credit,UnionPay,918610546890,0,520
0002,2026-05-02,1,79,Sale,Normal,Normal,1004,田中四郎,M1022,14:52:37,Cash,,,100,1170
0002,2026-05-02,3,80,Sale,Normal,Normal,1004,田中四郎,M1038,12:35:39,Cash,,,0,1130
0002,2026-05-02,2,81,Sale,Normal,Normal,1004,田中四郎,M1002,14:06:13,Cash,,,0,820
0002,2026-05-02,3,82,Sale,Normal,Normal,1005,渡辺五郎,M1031,13:01:04,Cash,,,200,150
0002,2026-05-02,1,83,Sale,Normal,Normal,1005,渡辺五郎,,18:56:06,GiftCard,,,0,1320
0002,2026-05-02,2,84,Sale,Normal,Normal,1005,渡辺五郎,,20:37:09,Cash,,,0,1100
0002,2026-05-02,2,85,Sale,Normal,Normal,1005,渡辺五郎,,20:51:20,Cash,,,0,1190
0002,2026-05-02,3,86,Sale,Normal,Normal,1005,渡辺五郎,,14:13:30,GiftCard,,,0,230
0002,2026-05-02,3,87,Sale,Normal,Normal,1005,渡辺五郎,M1013,17:25:04,GiftCard,,,100,220
0002,2026-05-02,2,88,Sale,Normal,Normal,1005,渡辺五郎,,19:53:53,Cash,,,0,1280
0002,2026-05-02,1,89,Sale,Normal,Normal,1005,渡辺五郎,M1035,09:17:52,Credit,EMoney,391667440862,0,550
0002,2026-05-02,2,90,Sale,Normal,Normal,1005,渡辺五郎,,18:11:53,Cash,,,0,540
0001,2026-05-03,3,89,Sale,Normal,Normal,1001,佐藤一郎,M1021,12:46:23,Cash,,,0,750
0001,2026-05-03,3,90,Sale,Normal,Normal,1001,佐藤一郎,M1015,11:58:54,Credit,BarcodePay,293593279272,100,1420
0001,2026-05-03,2,91,Sale,Normal,Normal,1001,佐藤一郎,M1039,17:02:35,Credit,Credit,835939753673,0,160
0001,2026-05-03,3,92,Sale,Normal,Normal,1001,佐藤一郎,M1017,10:11:29,Cash,,,0,750
0001,2026-05-03,2,93,Sale,Normal,Normal,1001,佐藤一郎,,11:20:54,Credit,EMoney,540678057967,0,550
0001,2026-05-03,2,94,Sale,Normal,Normal,1001,佐藤一郎,M1014,17:12:02,Credit,EMoney,543362928563,0,1120
0001,2026-05-03,2,95,Sale,Normal,Normal,1001,佐藤一郎,,17:43:20,Credit,UnionPay,810384184427,0,500
0001,2026-05-03,2,96,Sale,Normal,Normal,1001,佐藤一郎,,10:07:44,GiftCard,,,0,960
0001,2026-05-03,1,97,Sale,Normal,Normal,1001,佐藤一郎,M1037,15:09:02,Credit,BarcodePay,475095806198,0,830
0001,2026-05-03,3,98,Sale,Normal,Normal,1001,佐藤一郎,M1031,18:42:42,Credit,UnionPay,814863739791,0,1040
0001,2026-05-03,1,99,Sale,Rekey,Normal,1002,鈴木二郎,,13:14:09,Cash,,,0,680
0001,2026-05-03,1,100,Sale,Normal,Normal,1002,鈴木二郎,,14:10:27,Credit,BarcodePay,717254424400,0,1030
0001,2026-05-03,1,101,Sale,Normal,Normal,1002,鈴木二郎,,18:31:40,GiftCard,,,0,1150
0001,2026-05-03,3,102,Sale,Normal,Normal,1002,鈴木二郎,,12:02:57,Credit,BarcodePay,649278569656,0,230
0001,2026-05-03,2,103,Sale,Normal,Normal,1002,鈴木二郎,M1009,17:02:37,Credit,BarcodePay,818372756556,0,750
0001,2026-05-03,2,104,Sale,Normal,Normal,1002,鈴木二郎,,18:44:37,Cash,,,0,800
0001,2026-05-03,2,105,Sale,Normal,Normal,1002,鈴木二郎,M1019,13:36:32,Cash,,,0,780
0001,2026-05-03,1,106,Sale,Normal,Normal,1002,鈴木二郎,M1014,10:34:51,GiftCard,,,0,960
0001,2026-05-03,2,107,Return,Normal,Normal,1002,鈴木二郎,,16:57:38,Credit,EMoney,850158625485,0,980
0001,2026-05-03,3,108,Sale,Normal,Normal,1002,鈴木二郎,M1037,19:28:36,GiftCard,,,0,180
0001,2026-05-03,3,109,Sale,Normal,Normal,1002,鈴木二郎,,16:19:04,Credit,BarcodePay,244353842155,0,820
0001,2026-05-03,1,110,Sale,Normal,Normal,1003,高橋三郎,M1001,11:12:40,Credit,EMoney,417159123182,100,470
0001,2026-05-03,1,111,Sale,Normal,Normal,1003,高橋三郎,M1038,11:41:37,Credit,BarcodePay,381361151061,0,320
0001,2026-05-03,1,112,Sale,Normal,Normal,1003,高橋三郎,,13:32:45,Cash,,,0,1470
0001,2026-05-03,3,113,Sale,Normal,Normal,1003,高橋三郎,,10:34:28,Cash,,,0,950
0001,2026-05-03,1,114,Sale,Normal,Normal,1003,高橋三郎,M1026,14:38:36,Cash,,,0,660
0001,2026-05-03,1,115,Sale,Normal,Normal,1003,高橋三郎,M1022,16:23:58,Cash,,,100,400
0001,2026-05-03,1,116,Sale,Normal,Normal,1003,高橋三郎,M1027,16:12:28,Cash,,,0,840
0001,2026-05-03,1,117,Sale,Normal,Normal,1003,高橋三郎,,13:56:34,Cash,,,0,180
0001,2026-05-03,3,118,Sale,Normal,Normal,1003,高橋三郎,M1011,12:01:47,Credit,Credit,832439747671,0,140
0001,2026-05-03,2,119,Sale,Normal,Normal,1003,高橋三郎,,16:05:54,Cash,,,0,1010
0001,2026-05-03,2,120,Sale,Normal,Normal,1003,高橋三郎,M1017,16:06:08,Credit,UnionPay,505701496702,0,1030
0001,2026-05-03,1,121,Sale,Normal,Normal,1004,田中四郎,M1003,09:05:26,Cash,,,0,680
0001,2026-05-03,1,122,Sale,Normal,Normal,1004,田中四郎,,15:39:18,Cash,,,0,1030
0001,2026-05-03,1,123,Sale,Normal,Normal,1004,田中四郎,,17:20:07,GiftCard,,,0,810
0001,2026-05-03,3,124,Sale,Normal,Normal,1004,田中四郎,M1015,15:49:52,Cash,,,0,400
0001,2026-05-03,1,125,Sale,Normal,Normal,1004,田中四郎,M1035,09:07:14,GiftCard,,,0,610
0001,2026-05-03,3,126,Sale,Normal,Normal,1004,田中四郎,M1031,11:51:17,Cash,,,100,710
0001,2026-05-03,2,127,Sale,Normal,Normal,1004,田中四郎,,13:13:44,Cash,,,0,870
0001,2026-05-03,1,128,Sale,Normal,Normal,1004,田中四郎,M1002,12:02:15,GiftCard,,,200,760
0001,2026-05-03,2,129,Sale,Normal,Normal,1004,田中四郎,,10:29:16,GiftCard,,,0,1060
0001,2026-05-03,3,130,Sale,Normal,Normal,1004,田中四郎,,12:52:40,Credit,Credit,125171014042,0,860
0001,2026-05-03,3,131,Sale,Normal,Normal,1004,田中四郎,M1019,15:36:28,Cash,,,100,640
0001,2026-05-03,2,132,Sale,Normal,Normal,1005,渡辺五郎,,11:21:35,Cash,,,0,180
0001,2026-05-03,3,133,Sale,Normal,Normal,1005,渡辺五郎,,09:22:31,Credit,EMoney,420741888605,0,1160
0001,2026-05-03,1,134,Sale,Normal,Normal,1005,渡辺五郎,M1005,09:53:19,Cash,,,0,1180
0001,2026-05-03,1,135,Sale,Normal,Normal,1005,渡辺五郎,,11:16:39,Cash,,,0,760
0001,2026-05-03,2,136,Sale,Normal,Normal,1005,渡辺五郎,M1019,17:04:56,Credit,UnionPay,975417003974,0,200
0001,2026-05-03,2,137,Sale,Normal,Normal,1005,渡辺五郎,M1004,19:17:15,Credit,Credit,438265474555,0,1070
0001,2026-05-03,3,138,Sale,Normal,Normal,1005,渡辺五郎,,19:58:29,Credit,UnionPay,861393793428,0,790
0001,2026-05-03,3,139,Sale,Normal,Normal,1005,渡辺五郎,,17:14:51,Cash,,,0,480
0001,2026-05-03,2,140,Sale,Normal,Normal,1005,渡辺五郎,M1033,19:09:54,GiftCard,,,0,1020
0002,2026-05-03,1,91,Sale,Normal,Normal,1001,佐藤一郎,M1017,11:53:37,Credit,UnionPay,180884707678,0,840
0002,2026-05-03,1,92,Sale,Normal,Normal,1001,佐藤一郎,,11:56:03,Cash,,,0,580
0002,2026-05-03,1,93,Sale,Normal,Normal,1001,佐藤一郎,M1006,17:01:19,GiftCard,,,0,620
0002,2026-05-03,2,94,Sale,Normal,Normal,1001,佐藤一郎,,12:33:40,Cash,,,0,1430
0002,2026-05-03,3,95,Return,Normal,Normal,1001,佐藤一郎,,17:22:49,Cash,,,0,840
0002,2026-05-03,3,96,Sale,Normal,Normal,1001,佐藤一郎,M1006,16:15:19,Cash,,,0,640
0002,2026-05-03,1,97,Sale,Normal,Normal,1001,佐藤一郎,,15:12:33,Credit,Credit,665195244845,0,660
0002,2026-05-03,2,98,Sale,Normal,Normal,1001,佐藤一郎,,14:05:20,Credit,BarcodePay,319926652683,0,430
0002,2026-05-03,1,99,Sale,Normal,Normal,1001,佐藤一郎,,20:44:52,Cash,,,0,910
0002,2026-05-03,1,100,Sale,Normal,Normal,1001,佐藤一郎,M1000,13:56:36,Cash,,,200,1210
0002,2026-05-03,2,101,Sale,Normal,Normal,1002,鈴木二郎,M1029,20:59:26,Credit,BarcodePay,399556577144,0,260
0002,2026-05-03,2,102,Sale,Normal,Normal,1002,鈴木二郎,M1009,10:09:03,Cash,,,0,1670
0002,2026-05-03,1,103,Sale,Normal,Normal,1002,鈴木二郎,,15:02:30,Credit,BarcodePay,364823244914,0,1250
0002,2026-05-03,3,104,Sale,Normal,Normal,1002,鈴木二郎,M1029,19:11:55,Cash,,,0,1660
0002,2026-05-03,1,105,Sale,Normal,Normal,1002,鈴木二郎,,14:30:53,Credit,EMoney,799457226045,0,160
0002,2026-05-03,3,106,Sale,Normal,Normal,1002,鈴木二郎,M1033,19:37:41,Cash,,,0,1100
0002,2026-05-03,3,107,Sale,Normal,Normal,1002,鈴木二郎,,13:45:58,GiftCard,,,0,500
0002,2026-05-03,1,108,Sale,Normal,Normal,1003,高橋三郎,,14:05:31,Cash,,,0,140
0002,2026-05-03,3,109,Sale,Normal,Normal,1003,高橋三郎,,19:23:08,Cash,,,0,920
0002,2026-05-03,1,110,Return,Normal,Normal,1003,高橋三郎,,11:27:45,Cash,,,0,540
0002,2026-05-03,2,111,Sale,Normal,Normal,1003,高橋三郎,,15:49:19,Cash,,,0,660
0002,2026-05-03,3,112,Sale,Normal,Normal,1003,高橋三郎,,20:51:49,Cash,,,0,160
0002,2026-05-03,2,113,Sale,Normal,Normal,1003,高橋三郎,M1020,12:39:52,GiftCard,,,0,340
0002,2026-05-03,1,114,Sale,Normal,Normal,1003,高橋三郎,M1032,15:52:13,GiftCard,,,0,200
0002,2026-05-03,3,115,Sale,Normal,Normal,1003,高橋三郎,M1006,17:01:08,Cash,,,0,1080
0002,2026-05-03,2,116,Sale,Normal,Normal,1003,高橋三郎,M1027,09:55:16,GiftCard,,,0,620
0002,2026-05-03,2,117,Sale,Normal,Normal,1004,田中四郎,M1005,16:41:26,Cash,,,0,960
0002,2026-05-03,3,118,Sale,Normal,Normal,1004,田中四郎,M1012,16:39:04,Credit,UnionPay,271921096561,0,1060
0002,2026-05-03,3,119,Sale,Normal,Normal,1004,田中四郎,M1024,19:00:20,Credit,EMoney,541146457739,0,450
0002,2026-05-03,1,120,Sale,Normal,Normal,1004,田中四郎,,17:34:52,Cash,,,0,730
0002,2026-05-03,2,121,Sale,Normal,Normal,1004,田中四郎,M1015,20:15:40,Credit,BarcodePay,313069406400,0,560
0002,2026-05-03,2,122,Sale,Normal,Normal,1004,田中四郎,M1036,20:35:16,Cash,,,0,1030
0002,2026-05-03,3,123,Sale,Normal,Normal,1004,田中四郎,M1005,10:00:33,Cash,,,100,610
0002,2026-05-03,3,124,Sale,Normal,Normal,1004,田中四郎,M1002,10:03:13,GiftCard,,,0,560
0002,2026-05-03,3,125,Sale,Normal,Normal,1004,田中四郎,,16:59:22,Cash,,,0,670
0002,2026-05-03,2,126,Sale,Normal,Normal,1004,田中四郎,,17:19:58,Credit,BarcodePay,836608404884,0,320
0002,2026-05-03,2,127,Sale,Normal,Normal,1005,渡辺五郎,M1010,12:58:42,Cash,,,0,380
0002,2026-05-03,3,128,Sale,Normal,Normal,1005,渡辺五郎,M1025,12:08:20,Credit,EMoney,143158744309,0,400
0002,2026-05-03,3,129,Sale,Normal,Normal,1005,渡辺五郎,M1012,13:40:25,GiftCard,,,0,400
0002,2026-05-03,3,130,Sale,Normal,Normal,1005,渡辺五郎,M1004,12:05:21,Credit,BarcodePay,978298774418,200,540
0002,2026-05-03,1,131,Sale,Normal,Normal,1005,渡辺五郎,,18:46:18,GiftCard,,,0,320
0002,2026-05-03,3,132,Sale,Normal,Normal,1005,渡辺五郎,,20:59:14,Cash,,,0,750
0002,2026-05-03,1,133,Sale,Normal,Normal,1005,渡辺五郎,M1013,09:15:54,Credit,Credit,983433415990,0,460
0002,2026-05-03,2,134,Sale,Normal,Normal,1005,渡辺五郎,M1026,18:41:22,Credit,BarcodePay,952004360725,200,740
0001,2026-05-04,2,141,Sale,Normal,Normal,1001,佐藤一郎,M1002,18:52:44,Cash,,,100,540
0001,2026-05-04,3,142,Sale,Normal,Normal,1001,佐藤一郎,,10:10:55,Cash,,,0,500
0001,2026-05-04,1,143,Sale,Normal,Normal,1001,佐藤一郎,,16:16:03,Cash,,,0,360
0001,2026-05-04,3,144,Sale,Normal,Normal,1001,佐藤一郎,,10:03:21,Cash,,,0,960
0001,2026-05-04,1,145,Sale,Normal,Normal,1001,佐藤一郎,,15:02:19,Cash,,,0,610
0001,2026-05-04,1,146,Sale,Normal,Normal,1001,佐藤一郎,,10:56:47,Cash,,,0,300
0001,2026-05-04,1,147,Sale,Normal,Normal,1001,佐藤一郎,,16:51:00,GiftCard,,,0,540
0001,2026-05-04,3,148,Sale,Normal,Normal,1001,佐藤一郎,M1011,15:08:57,Cash,,,0,790
0001,2026-05-04,2,149,Sale,Normal,Normal,1001,佐藤一郎,M1035,18:03:20,Credit,EMoney,826303841130,0,570
0001,2026-05-04,1,150,Sale,Normal,Normal,1001,佐藤一郎,M1012,15:46:35,Credit,BarcodePay,201886785809,0,230
0001,2026-05-04,2,151,Sale,Normal,Normal,1001,佐藤一郎,M1006,15:04:55,Credit,EMoney,599028796908,100,420
0001,2026-05-04,2,152,Sale,Normal,Normal,1002,鈴木二郎,,17:24:56,Credit,Credit,654043816836,0,140
0001,2026-05-04,1,153,Sale,Normal,Normal,1002,鈴木二郎,,13:30:21,Cash,,,0,490
0001,2026-05-04,1,154,Sale,Normal,Normal,1002,鈴木二郎,M1037,13:03:57,Cash,,,0,240
0001,2026-05-04,2,155,Sale,Normal,Normal,1002,鈴木二郎,M1020,14:27:53,Cash,,,0,660
0001,2026-05-04,2,156,Sale,Normal,Normal,1002,鈴木二郎,,15:19:05,Cash,,,0,930
0001,2026-05-04,3,157,Sale,Normal,Normal,1002,鈴木二郎,,15:16:57,Cash,,,0,590
0001,2026-05-04,3,158,Sale,Normal,Normal,1002,鈴木二郎,,18:28:47,Cash,,,0,700
0001,2026-05-04,1,159,Sale,Normal,Normal,1003,高橋三郎,,11:20:02,Cash,,,0,440
0001,2026-05-04,2,160,Sale,Normal,Normal,1003,高橋三郎,,16:00:32,Cash,,,0,230
0001,2026-05-04,2,161,Sale,Normal,Normal,1003,高橋三郎,,11:13:51,Cash,,,0,230
0001,2026-05-04,1,162,Sale,Normal,Normal,1003,高橋三郎,M1006,18:10:04,Cash,,,0,640
0001,2026-05-04,2,163,Sale,Normal,Normal,1003,高橋三郎,,13:28:57,Cash,,,0,760
0001,2026-05-04,1,164,Sale,Normal,Normal,1003,高橋三郎,M1009,10:02:31,GiftCard,,,0,580
0001,2026-05-04,1,165,Sale,Normal,Normal,1003,高橋三郎,,16:38:17,Credit,Credit,876628247489,0,1080
0001,2026-05-04,3,166,Sale,Normal,Normal,1004,田中四郎,,13:51:31,GiftCard,,,0,980
0001,2026-05-04,3,167,Sale,Normal,Normal,1004,田中四郎,,19:11:03,Cash,,,0,1110
0001,2026-05-04,1,168,Sale,Normal,Normal,1004,田中四郎,,16:31:57,Cash,,,0,330
0001,2026-05-04,3,169,Sale,Normal,Normal,1004,田中四郎,,15:59:58,Credit,EMoney,867746331222,0,1040
0001,2026-05-04,1,170,Sale,Normal,Normal,1004,田中四郎,M1002,15:26:15,GiftCard,,,100,770
0001,2026-05-04,1,171,Sale,Normal,Normal,1004,田中四郎,M1029,16:14:37,Cash,,,100,1180
0001,2026-05-04,1,172,Sale,Normal,Normal,1004,田中四郎,M1030,19:01:27,Cash,,,0,520
0001,2026-05-04,1,173,Sale,Normal,Normal,1004,田中四郎,M1001,17:29:38,Cash,,,200,220
0001,2026-05-04,1,174,Sale,Normal,Normal,1005,渡辺五郎,M1013,17:15:16,Credit,BarcodePay,497640066429,0,400
0001,2026-05-04,3,175,Sale,Normal,Normal,1005,渡辺五郎,,19:43:29,Cash,,,0,1240
0001,2026-05-04,3,176,Sale,Normal,Normal,1005,渡辺五郎,M1020,15:20:56,Cash,,,0,480
0001,2026-05-04,3,177,Sale,Normal,Normal,1005,渡辺五郎,M1018,12:48:16,Credit,Credit,323804334830,200,880
0001,2026-05-04,3,178,Sale,Normal,Normal,1005,渡辺五郎,,17:17:57,GiftCard,,,0,320
0001,2026-05-04,2,179,Sale,Normal,Normal,1005,渡辺五郎,,20:23:11,Credit,BarcodePay,301989644207,0,430
0001,2026-05-04,2,180,Sale,Normal,Normal,1005,渡辺五郎,,14:27:35,Cash,,,0,470
0001,2026-05-04,2,181,Sale,Normal,Normal,1005,渡辺五郎,,19:25:18,Cash,,,0,440
0001,2026-05-04,3,182,Sale,Normal,Normal,1005,渡辺五郎,M1010,12:09:33,Cash,,,200,320
0001,2026-05-04,1,183,Sale,Normal,Normal,1005,渡辺五郎,,19:58:28,GiftCard,,,0,1240
0002,2026-05-04,2,135,Sale,Normal,Normal,1001,佐藤一郎,M1034,09:32:37,Credit,Credit,755321724867,200,540
0002,2026-05-04,1,136,Sale,Normal,Normal,1001,佐藤一郎,M1008,16:03:47,Cash,,,0,930
0002,2026-05-04,1,137,Sale,Normal,Normal,1001,佐藤一郎,M1011,16:03:36,Cash,,,0,130
0002,2026-05-04,1,138,Sale,Normal,Normal,1001,佐藤一郎,,11:17:33,Cash,,,0,690
0002,2026-05-04,2,139,Sale,Normal,Normal,1001,佐藤一郎,,20:28:00,GiftCard,,,0,300
0002,2026-05-04,3,140,Sale,Normal,Normal,1001,佐藤一郎,,19:14:32,Cash,,,0,990
0002,2026-05-04,2,141,Sale,Normal,Normal,1001,佐藤一郎,,16:03:01,Cash,,,0,320
0002,2026-05-04,2,142,Sale,Normal,Normal,1001,佐藤一郎,M1018,10:25:21,Credit,UnionPay,669245440521,0,610
0002,2026-05-04,2,143,Sale,Normal,Normal,1001,佐藤一郎,M1017,13:15:00,Cash,,,200,980
0002,2026-05-04,2,144,Sale,Normal,Normal,1002,鈴木二郎,M1029,17:25:14,Credit,EMoney,896868736883,200,620
0002,2026-05-04,2,145,Sale,Normal,Normal,1002,鈴木二郎,M1035,14:16:07,GiftCard,,,100,760
0002,2026-05-04,3,146,Return,Normal,Normal,1002,鈴木二郎,,13:45:39,Cash,,,0,1050
0002,2026-05-04,2,147,Sale,Normal,Normal,1002,鈴木二郎,M1030,16:03:45,Credit,Credit,157055307892,100,460
0002,2026-05-04,2,148,Sale,Normal,Normal,1002,鈴木二郎,M1007,13:17:30,Cash,,,100,400
0002,2026-05-04,2,149,Sale,Normal,Normal,1002,鈴木二郎,,16:07:14,Cash,,,0,710
0002,2026-05-04,3,150,Sale,Normal,Normal,1002,鈴木二郎,,13:03:05,Cash,,,0,530
0002,2026-05-04,2,151,Sale,Normal,Normal,1003,高橋三郎,,20:40:24,Cash,,,0,130
0002,2026-05-04,3,152,Sale,Normal,Normal,1003,高橋三郎,,11:59:37,Credit,Credit,850176856834,0,1230
0002,2026-05-04,2,153,Sale,Normal,Normal,1003,高橋三郎,M1034,18:42:36,Credit,UnionPay,457972755301,0,490
0002,2026-05-04,1,154,Sale,Normal,Normal,1003,高橋三郎,M1019,20:45:57,Cash,,,200,190
0002,2026-05-04,3,155,Sale,Normal,Normal,1003,高橋三郎,,12:58:41,Credit,EMoney,393286611849,0,1080
0002,2026-05-04,2,156,Return,Normal,Normal,1003,高橋三郎,,11:28:20,Credit,BarcodePay,611045621701,0,750
0002,2026-05-04,2,157,Sale,Normal,Normal,1003,高橋三郎,M1028,09:20:22,Credit,UnionPay,698698569553,200,140
0002,2026-05-04,2,158,Sale,Normal,Normal,1003,高橋三郎,,14:21:30,Credit,Credit,463993791950,0,180
0002,2026-05-04,1,159,Sale,Normal,Normal,1003,高橋三郎,M1003,12:43:09,Cash,,,100,220
0002,2026-05-04,2,160,Sale,Normal,Normal,1003,高橋三郎,,18:03:21,Cash,,,0,1240
0002,2026-05-04,2,161,Sale,Normal,Normal,1004,田中四郎,M1029,16:59:53,Credit,Credit,652843821917,0,690
0002,2026-05-04,2,162,Sale,Normal,Normal,1004,田中四郎,M1016,19:46:19,Cash,,,0,980
0002,2026-05-04,3,163,Sale,Normal,Normal,1004,田中四郎,M1003,11:23:59,Cash,,,0,590
0002,2026-05-04,3,164,Sale,Normal,Normal,1004,田中四郎,M1009,10:47:48,Credit,UnionPay,566023395256,200,760
0002,2026-05-04,2,165,Sale,Normal,Normal,1004,田中四郎,M1034,12:21:41,Credit,Credit,848170574900,0,500
0002,2026-05-04,2,166,Sale,Normal,Normal,1004,田中四郎,M1032,17:05:51,Credit,BarcodePay,725417022162,0,980
0002,2026-05-04,3,167,Sale,Normal,Normal,1004,田中四郎,,11:22:48,Cash,,,0,1150
0002,2026-05-04,2,168,Sale,Normal,Normal,1004,田中四郎,M1010,20:29:38,Credit,EMoney,952273773610,0,980
0002,2026-05-04,1,169,Sale,Normal,Normal,1005,渡辺五郎,M1032,11:26:43,Cash,,,0,610
0002,2026-05-04,1,170,Sale,Normal,Normal,1005,渡辺五郎,M1039,12:16:30,Cash,,,0,1120
0002,2026-05-04,3,171,Sale,Normal,Normal,1005,渡辺五郎,M1039,12:40:57,Cash,,,200,640
0002,2026-05-04,2,172,Sale,Rekey,Normal,1005,渡辺五郎,M1028,14:01:54,Credit,UnionPay,381016655065,0,510
0002,2026-05-04,3,173,Sale,Normal,Normal,1005,渡辺五郎,M1027,10:17:35,Cash,,,0,390
0002,2026-05-04,2,174,Sale,Normal,Normal,1005,渡辺五郎,M1030,14:10:49,Credit,BarcodePay,986602115687,100,530
0002,2026-05-04,2,175,Sale,Normal,Normal,1005,渡辺五郎,M1037,11:04:06,Credit,Credit,795514703397,0,440
0002,2026-05-04,2,176,Sale,Normal,Normal,1005,渡辺五郎,M1028,15:32:46,Credit,EMoney,630076604825,0,1400
0002,2026-05-04,3,177,Sale,Normal,Normal,1005,渡辺五郎,M1014,19:00:18,Cash,,,100,620
0002,2026-05-04,3,178,Sale,Normal,Normal,1005,渡辺五郎,,13:05:17,GiftCard,,,0,410
0001,2026-05-05,3,184,Sale,Normal,Normal,1001,佐藤一郎,M1008,20:05:34,Cash,,,0,750
0001,2026-05-05,2,185,Sale,Normal,Normal,1001,佐藤一郎,,14:40:28,GiftCard,,,0,390
0001,2026-05-05,3,186,Sale,Normal,Normal,1001,佐藤一郎,M1035,12:18:22,GiftCard,,,0,790
0001,2026-05-05,2,187,Sale,Normal,Normal,1001,佐藤一郎,M1016,15:08:13,Cash,,,0,1360
0001,2026-05-05,2,188,Sale,Normal,Normal,1001,佐藤一郎,,17:51:08,Cash,,,0,640
0001,2026-05-05,1,189,Sale,Normal,Normal,1001,佐藤一郎,,17:45:17,Cash,,,0,600
0001,2026-05-05,1,190,Sale,Normal,Normal,1001,佐藤一郎,,19:04:01,Credit,BarcodePay,690477036757,0,1080
0001,2026-05-05,2,191,Return,Normal,Normal,1001,佐藤一郎,,12:29:43,Credit,BarcodePay,132070068943,0,280
0001,2026-05-05,1,192,Return,Normal,Normal,1001,佐藤一郎,,09:32:47,Cash,,,0,910
0001,2026-05-05,1,193,Sale,Normal,Normal,1001,佐藤一郎,M1019,09:05:40,Cash,,,100,480
0001,2026-05-05,2,194,Sale,Normal,Normal,1002,鈴木二郎,,13:21:55,Cash,,,0,930
0001,2026-05-05,2,195,Sale,Normal,Normal,1002,鈴木二郎,M1025,17:23:35,Cash,,,0,240
0001,2026-05-05,1,196,Sale,Normal,Normal,1002,鈴木二郎,M1029,15:28:23,GiftCard,,,0,1580
0001,2026-05-05,3,197,Sale,Normal,Normal,1002,鈴木二郎,M1001,09:57:56,Cash,,,0,1680
0001,2026-05-05,1,198,Sale,Normal,Normal,1002,鈴木二郎,M1023,15:14:19,Cash,,,0,840
0001,2026-05-05,2,199,Sale,Normal,Normal,1002,鈴木二郎,M1039,18:59:23,Credit,EMoney,430792829538,200,500
0001,2026-05-05,1,200,Sale,Normal,Normal,1002,鈴木二郎,M1032,16:56:48,Cash,,,0,1110
0001,2026-05-05,1,201,Sale,Normal,Normal,1002,鈴木二郎,M1030,17:26:40,GiftCard,,,200,200
0001,2026-05-05,2,202,Sale,Normal,Normal,1003,高橋三郎,M1025,20:56:38,Cash,,,200,800
0001,2026-05-05,2,203,Return,Normal,Normal,1003,高橋三郎,M1020,15:17:49,Cash,,,0,690
0001,2026-05-05,3,204,Sale,Normal,Normal,1003,高橋三郎,,11:44:52,Credit,Credit,715110824090,0,400
0001,2026-05-05,3,205,Sale,Normal,Normal,1003,高橋三郎,M1014,19:01:10,Cash,,,100,1020
0001,2026-05-05,3,206,Sale,Normal,Normal,1003,高橋三郎,M1015,12:10:49,Cash,,,0,200
0001,2026-05-05,3,207,Sale,Normal,Normal,1003,高橋三郎,M1017,09:20:39,Credit,EMoney,788578732696,0,540
0001,2026-05-05,2,208,Sale,Normal,Normal,1003,高橋三郎,M1015,14:33:30,Cash,,,0,460
0001,2026-05-05,3,209,Sale,Normal,Normal,1003,高橋三郎,,19:26:39,Cash,,,0,170
0001,2026-05-05,3,210,Sale,Normal,Normal,1004,田中四郎,M1020,13:49:08,Cash,,,0,240
0001,2026-05-05,1,211,Sale,Normal,Normal,1004,田中四郎,,14:25:07,Cash,,,0,720
0001,2026-05-05,2,212,Sale,Normal,Normal,1004,田中四郎,,19:32:36,Credit,BarcodePay,131971548556,0,380
0001,2026-05-05,1,213,Sale,Normal,Normal,1004,田中四郎,M1015,17:07:53,Credit,BarcodePay,502282659973,0,830
0001,2026-05-05,2,214,Sale,Normal,Normal,1004,田中四郎,,20:31:48,Cash,,,0,650
0001,2026-05-05,3,215,Sale,Normal,Normal,1004,田中四郎,M1021,13:06:28,Cash,,,0,1100
0001,2026-05-05,1,216,Sale,Normal,Normal,1004,田中四郎,,18:26:18,Cash,,,0,230
0001,2026-05-05,2,217,Sale,Normal,Normal,1004,田中四郎,,12:48:02,Cash,,,0,550
0001,2026-05-05,2,218,Sale,Normal,Normal,1004,田中四郎,M1035,13:25:56,Cash,,,200,550
0001,2026-05-05,3,219,Sale,Normal,Normal,1005,渡辺五郎,M1018,09:59:59,Cash,,,0,800
0001,2026-05-05,3,220,Sale,Normal,Normal,1005,渡辺五郎,M1021,19:35:05,Cash,,,100,150
0001,2026-05-05,2,221,Sale,Normal,Normal,1005,渡辺五郎,,16:35:53,Cash,,,0,950
0001,2026-05-05,3,222,Sale,Normal,Normal,1005,渡辺五郎,,16:50:15,Cash,,,0,1070
0001,2026-05-05,3,223,Sale,Normal,Normal,1005,渡辺五郎,M1036,20:17:43,Credit,BarcodePay,184757068187,0,140
0001,2026-05-05,3,224,Sale,Normal,Normal,1005,渡辺五郎,M1009,18:24:58,Credit,UnionPay,648185405759,0,640
0001,2026-05-05,2,225,Sale,Normal,Normal,1005,渡辺五郎,M1012,15:19:58,Credit,Credit,484027166845,0,910
0001,2026-05-05,2,226,Sale,Normal,Normal,1005,渡辺五郎,,10:11:07,GiftCard,,,0,1540
0001,2026-05-05,2,227,Sale,Normal,Normal,1005,渡辺五郎,,10:12:32,GiftCard,,,0,880
0001,2026-05-05,1,228,Sale,Rekey,Normal,1005,渡辺五郎,M1025,20:59:30,Cash,,,0,1250
0002,2026-05-05,3,179,Sale,Normal,Normal,1001,佐藤一郎,M1022,16:07:41,Cash,,,0,980
0002,2026-05-05,3,180,Sale,Normal,Normal,1001,佐藤一郎,M1004,11:34:51,Cash,,,0,310
0002,2026-05-05,3,181,Sale,Normal,Normal,1001,佐藤一郎,,13:40:14,GiftCard,,,0,780
0002,2026-05-05,2,182,Sale,Normal,Normal,1001,佐藤一郎,M1021,16:29:53,Cash,,,0,160
0002,2026-05-05,2,183,Sale,Normal,Normal,1001,佐藤一郎,,13:40:38,Cash,,,0,560
0002,2026-05-05,1,184,Sale,Normal,Normal,1001,佐藤一郎,M1000,14:31:31,Credit,Credit,610835524486,0,930
0002,2026-05-05,2,185,Sale,Normal,Normal,1001,佐藤一郎,M1022,16:02:04,Credit,UnionPay,677715665402,0,470
0002,2026-05-05,3,186,Sale,Normal,Normal,1001,佐藤一郎,M1030,12:16:41,Credit,Credit,740948899493,0,1020
0002,2026-05-05,2,187,Sale,Normal,Normal,1001,佐藤一郎,M1001,16:33:28,Credit,UnionPay,894294257856,0,680
0002,2026-05-05,3,188,Sale,Normal,Normal,1001,佐藤一郎,M1012,18:58:26,Credit,Credit,858650347140,0,280
0002,2026-05-05,2,189,Sale,Normal,Normal,1001,佐藤一郎,,14:33:03,Cash,,,0,200
0002,2026-05-05,1,190,Sale,Normal,Normal,1002,鈴木二郎,,09:06:04,GiftCard,,,0,580
0002,2026-05-05,1,191,Sale,Normal,Normal,1002,鈴木二郎,M1018,14:03:20,Cash,,,200,160
0002,2026-05-05,1,192,Sale,Normal,Normal,1002,鈴木二郎,,20:12:02,GiftCard,,,0,300
0002,2026-05-05,3,193,Sale,Normal,Normal,1002,鈴木二郎,,15:11:28,Credit,EMoney,328983161188,0,1500
0002,2026-05-05,3,194,Sale,Normal,Normal,1002,鈴木二郎,,15:51:20,GiftCard,,,0,690
0002,2026-05-05,2,195,Sale,Normal,Normal,1002,鈴木二郎,M1023,09:27:45,Cash,,,0,1080
0002,2026-05-05,2,196,Sale,Normal,Normal,1002,鈴木二郎,M1016,14:47:55,Credit,BarcodePay,542640017204,0,370
0002,2026-05-05,2,197,Sale,Normal,Normal,1002,鈴木二郎,,19:41:37,Cash,,,0,880
0002,2026-05-05,3,198,Sale,Normal,Normal,1002,鈴木二郎,M1014,09:36:20,Cash,,,0,920
0002,2026-05-05,2,199,Sale,Normal,Normal,1003,高橋三郎,M1032,19:54:07,Cash,,,0,380
0002,2026-05-05,2,200,Sale,Normal,Normal,1003,高橋三郎,M1002,14:26:48,Cash,,,100,600
0002,2026-05-05,1,201,Sale,Normal,Normal,1003,高橋三郎,,15:47:58,GiftCard,,,0,1000
0002,2026-05-05,1,202,Sale,Normal,Normal,1003,高橋三郎,,09:56:53,Credit,UnionPay,343544593521,0,460
0002,2026-05-05,1,203,Sale,Normal,Normal,1003,高橋三郎,,10:47:45,Credit,Credit,322799611708,0,360
0002,2026-05-05,2,204,Sale,Normal,Normal,1003,高橋三郎,,18:09:19,Cash,,,0,200
0002,2026-05-05,3,205,Sale,Normal,Normal,1003,高橋三郎,,10:38:14,Cash,,,0,480
0002,2026-05-05,2,206,Sale,Normal,Normal,1003,高橋三郎,,20:33:16,Credit,UnionPay,686410659725,0,640
0002,2026-05-05,1,207,Sale,Normal,Normal,1003,高橋三郎,,11:15:14,Credit,Credit,115080578914,0,150
0002,2026-05-05,3,208,Sale,Normal,Normal,1003,高橋三郎,M1016,18:41:32,Cash,,,0,830
0002,2026-05-05,2,209,Sale,Normal,Normal,1004,田中四郎,M1023,19:47:27,Credit,UnionPay,381498033283,0,1100
0002,2026-05-05,1,210,Sale,Normal,Normal,1004,田中四郎,M1031,19:24:28,Credit,BarcodePay,935064115450,100,750
0002,2026-05-05,1,211,Sale,Normal,Normal,1004,田中四郎,,17:48:38,Cash,,,0,760
0002,2026-05-05,2,212,Sale,Normal,Normal,1004,田中四郎,M1018,13:25:36,Cash,,,0,580
0002,2026-05-05,3,213,Sale,Normal,Normal,1004,田中四郎,M1014,12:05:30,Cash,,,200,900
0002,2026-05-05,3,214,Sale,Normal,Normal,1004,田中四郎,,09:14:58,Cash,,,0,320
0002,2026-05-05,2,215,Sale,Normal,Normal,1004,田中四郎,,11:01:20,Cash,,,0,620
0002,2026-05-05,3,216,Sale,Normal,Normal,1004,田中四郎,M1039,12:36:02,GiftCard,,,0,670
0002,2026-05-05,1,217,Sale,Normal,Normal,1004,田中四郎,M1028,19:41:41,Cash,,,0,280
0002,2026-05-05,1,218,Sale,Rekey,Normal,1005,渡辺五郎,M1004,12:24:56,Cash,,,0,990
0002,2026-05-05,2,219,Sale,Normal,Normal,1005,渡辺五郎,M1012,18:14:37,Cash,,,200,350
0002,2026-05-05,3,220,Sale,Normal,Normal,1005,渡辺五郎,,14:29:54,Cash,,,0,1200
0002,2026-05-05,1,221,Sale,Normal,Normal,1005,渡辺五郎,M1023,12:14:06,Cash,,,100,450
0002,2026-05-05,1,222,Sale,Normal,Normal,1005,渡辺五郎,M1002,09:58:48,Cash,,,200,1160
0002,2026-05-05,1,223,Sale,Normal,Normal,1005,渡辺五郎,,20:54:05,Cash,,,0,130
0002,2026-05-05,3,224,Sale,Normal,Normal,1005,渡辺五郎,M1038,17:08:53,Credit,UnionPay,496166586418,0,1460
0002,2026-05-05,3,225,Sale,Normal,Normal,1005,渡辺五郎,,11:38:53,GiftCard,,,0,510
0002,2026-05-05,2,226,Sale,Normal,Normal,1005,渡辺五郎,,14:01:53,GiftCard,,,0,740
0001,2026-05-06,2,229,Sale,Normal,Normal,1001,佐藤一郎,M1036,18:39:19,Cash,,,0,1140
0001,2026-05-06,2,230,Return,Normal,Normal,1001,佐藤一郎,M1026,19:11:37,Cash,,,0,400
0001,2026-05-06,2,231,Sale,Normal,Normal,1001,佐藤一郎,,19:23:51,GiftCard,,,0,280
0001,2026-05-06,3,232,Sale,Normal,Normal,1001,佐藤一郎,M1003,16:23:27,Credit,BarcodePay,426083197915,200,950
0001,2026-05-06,2,233,Sale,Normal,Normal,1001,佐藤一郎,,10:01:52,Credit,Credit,105539872530,0,810
0001,2026-05-06,2,234,Sale,Normal,Normal,1001,佐藤一郎,M1024,10:57:19,Cash,,,100,860
0001,2026-05-06,2,235,Sale,Normal,Normal,1001,佐藤一郎,,13:28:45,Cash,,,0,510
0001,2026-05-06,3,236,Sale,Normal,Normal,1001,佐藤一郎,M1039,10:26:27,Credit,Credit,463724622502,0,260
0001,2026-05-06,2,237,Sale,Normal,Normal,1002,鈴木二郎,,09:56:20,Cash,,,0,1190
0001,2026-05-06,1,238,Sale,Normal,Normal,1002,鈴木二郎,M1015,17:52:43,Credit,Credit,306625334447,100,750
0001,2026-05-06,3,239,Sale,Normal,Normal,1002,鈴木二郎,,20:03:02,Cash,,,0,250
0001,2026-05-06,2,240,Sale,Normal,Normal,1002,鈴木二郎,M1010,19:46:13,Cash,,,200,1440
0001,2026-05-06,2,241,Sale,Normal,Normal,1002,鈴木二郎,,14:14:52,Cash,,,0,540
0001,2026-05-06,3,242,Sale,Normal,Normal,1002,鈴木二郎,M1014,20:35:26,Cash,,,200,230
0001,2026-05-06,2,243,Sale,Normal,Normal,1002,鈴木二郎,,15:57:48,Credit,UnionPay,339760988810,0,380
0001,2026-05-06,2,244,Sale,Normal,Normal,1002,鈴木二郎,,13:19:20,Cash,,,0,580
0001,2026-05-06,3,245,Sale,Normal,Normal,1002,鈴木二郎,,20:29:04,Cash,,,0,980
0001,2026-05-06,1,246,Sale,Normal,Normal,1002,鈴木二郎,,15:40:19,Credit,UnionPay,530714412453,0,750
0001,2026-05-06,2,247,Sale,Rekey,Normal,1003,高橋三郎,,11:48:43,GiftCard,,,0,340
0001,2026-05-06,1,248,Return,Normal,Normal,1003,高橋三郎,M1014,20:43:37,Cash,,,0,320
0001,2026-05-06,3,249,Sale,Normal,Normal,1003,高橋三郎,M1010,18:58:13,Cash,,,200,360
0001,2026-05-06,1,250,Sale,Normal,Normal,1003,高橋三郎,M1011,13:35:00,Cash,,,0,1030
0001,2026-05-06,2,251,Sale,Normal,Normal,1003,高橋三郎,M1024,17:37:28,Cash,,,0,540
0001,2026-05-06,2,252,Sale,Normal,Normal,1003,高橋三郎,,10:53:57,Credit,EMoney,821831731979,0,1350
0001,2026-05-06,3,253,Sale,Normal,Normal,1003,高橋三郎,,12:27:34,Cash,,,0,730
0001,2026-05-06,3,254,Sale,Normal,Normal,1003,高橋三郎,M1012,19:53:05,Cash,,,100,920
0001,2026-05-06,1,255,Sale,Normal,Normal,1003,高橋三郎,,15:13:23,Credit,BarcodePay,337260196262,0,480
0001,2026-05-06,3,256,Sale,Normal,Normal,1004,田中四郎,M1014,11:44:55,Cash,,,0,400
0001,2026-05-06,2,257,Sale,Normal,Normal,1004,田中四郎,,18:46:11,Cash,,,0,600
0001,2026-05-06,3,258,Return,Normal,Normal,1004,田中四郎,,16:05:17,Credit,EMoney,506823714603,0,280
0001,2026-05-06,3,259,Sale,Normal,Normal,1004,田中四郎,M1008,11:47:40,Cash,,,0,700
0001,2026-05-06,1,260,Sale,Normal,Normal,1004,田中四郎,M1038,18:32:35,Cash,,,0,470
0001,2026-05-06,3,261,Sale,Rekey,Normal,1004,田中四郎,,20:44:49,Credit,BarcodePay,686418143801,0,500
0001,2026-05-06,3,262,Return,Normal,Normal,1004,田中四郎,,16:15:15,Cash,,,0,700
0001,2026-05-06,2,263,Sale,Normal,Normal,1004,田中四郎,,14:26:42,GiftCard,,,0,1390
0001,2026-05-06,2,264,Sale,Normal,Normal,1005,渡辺五郎,M1025,18:07:43,Credit,Credit,101712394168,100,160
0001,2026-05-06,1,265,Sale,Normal,Normal,1005,渡辺五郎,M1024,18:51:30,Credit,EMoney,329893225790,100,840
0001,2026-05-06,2,266,Sale,Normal,Normal,1005,渡辺五郎,M1023,14:09:14,GiftCard,,,0,230
0001,2026-05-06,3,267,Sale,Normal,Normal,1005,渡辺五郎,M1032,12:49:13,Credit,EMoney,915126895037,200,240
0001,2026-05-06,1,268,Sale,Normal,Normal,1005,渡辺五郎,M1017,13:28:57,GiftCard,,,0,130
0001,2026-05-06,3,269,Sale,Normal,Normal,1005,渡辺五郎,,18:42:27,Cash,,,0,330
0001,2026-05-06,2,270,Sale,Normal,Normal,1005,渡辺五郎,,10:53:52,Cash,,,0,540
0001,2026-05-06,2,271,Sale,Normal,Normal,1005,渡辺五郎,M1037,10:04:32,Credit,UnionPay,534001666876,100,790
0001,2026-05-06,3,272,Sale,Normal,Normal,1005,渡辺五郎,M1001,16:58:01,Cash,,,0,900
0001,2026-05-06,2,273,Sale,Normal,Normal,1005,渡辺五郎,,14:11:26,Cash,,,0,640
0001,2026-05-06,1,274,Sale,Normal,Normal,1005,渡辺五郎,,16:22:48,Credit,Credit,945955086004,0,1290
0002,2026-05-06,1,227,Sale,Normal,Normal,1001,佐藤一郎,,09:05:50,Credit,BarcodePay,375373394804,0,320
0002,2026-05-06,2,228,Sale,Normal,Normal,1001,佐藤一郎,M1016,20:42:40,Cash,,,0,870
0002,2026-05-06,3,229,Sale,Normal,Normal,1001,佐藤一郎,,12:41:56,Credit,BarcodePay,172907922972,0,550
0002,2026-05-06,2,230,Sale,Normal,Normal,1001,佐藤一郎,M1009,13:07:25,GiftCard,,,100,340
0002,2026-05-06,2,231,Sale,Normal,Normal,1001,佐藤一郎,,11:19:49,Cash,,,0,690
0002,2026-05-06,2,232,Sale,Normal,Normal,1001,佐藤一郎,M1012,17:45:59,Cash,,,0,520
0002,2026-05-06,3,233,Sale,Normal,Normal,1001,佐藤一郎,,20:06:17,Cash,,,0,830
0002,2026-05-06,3,234,Sale,Normal,Normal,1001,佐藤一郎,M1039,18:09:33,Cash,,,0,660
0002,2026-05-06,1,235,Sale,Normal,Normal,1001,佐藤一郎,M1003,17:38:36,Cash,,,0,830
0002,2026-05-06,2,236,Sale,Normal,Normal,1001,佐藤一郎,M1006,12:22:01,Credit,BarcodePay,152999153203,0,550
0002,2026-05-06,3,237,Sale,Normal,Normal,1002,鈴木二郎,,10:47:20,GiftCard,,,0,950
0002,2026-05-06,1,238,Sale,Normal,Normal,1002,鈴木二郎,M1030,14:15:44,Cash,,,0,1200
0002,2026-05-06,3,239,Sale,Normal,Normal,1002,鈴木二郎,M1003,09:45:17,GiftCard,,,200,730
0002,2026-05-06,1,240,Sale,Normal,Normal,1002,鈴木二郎,M1011,19:43:23,Cash,,,0,790
0002,2026-05-06,1,241,Sale,Normal,Normal,1002,鈴木二郎,,18:05:44,Credit,Credit,318518272504,0,680
0002,2026-05-06,3,242,Sale,Normal,Normal,1002,鈴木二郎,,19:32:28,Cash,,,0,1050
0002,2026-05-06,2,243,Sale,Normal,Normal,1002,鈴木二郎,M1018,16:05:56,Cash,,,100,600
0002,2026-05-06,1,244,Sale,Normal,Normal,1003,高橋三郎,M1017,10:31:36,Credit,BarcodePay,452731498255,0,1100
0002,2026-05-06,3,245,Sale,Normal,Normal,1003,高橋三郎,M1034,16:52:13,Cash,,,0,500
0002,2026-05-06,1,246,Return,Normal,Normal,1003,高橋三郎,M1011,13:55:36,Cash,,,0,1470
0002,2026-05-06,2,247,Sale,Normal,Normal,1003,高橋三郎,,19:27:49,GiftCard,,,0,160
0002,2026-05-06,2,248,Sale,Normal,Normal,1003,高橋三郎,M1033,09:29:35,GiftCard,,,0,1130
0002,2026-05-06,1,249,Sale,Normal,Normal,1003,高橋三郎,,11:31:21,Cash,,,0,490
0002,2026-05-06,3,250,Sale,Normal,Normal,1003,高橋三郎,M1013,10:32:20,Cash,,,200,480
0002,2026-05-06,3,251,Sale,Normal,Normal,1003,高橋三郎,,20:49:01,Credit,UnionPay,590570537317,0,920
0002,2026-05-06,1,252,Sale,Normal,Normal,1003,高橋三郎,M1029,12:39:19,Credit,Credit,548350102909,0,240
0002,2026-05-06,3,253,Sale,Normal,Normal,1003,高橋三郎,,11:36:38,Cash,,,0,380
0002,2026-05-06,1,254,Sale,Normal,Normal,1003,高橋三郎,M1033,19:55:52,Cash,,,0,1340
0002,2026-05-06,1,255,Sale,Normal,Normal,1004,田中四郎,,15:05:43,Credit,Credit,146106128916,0,1570
0002,2026-05-06,2,256,Sale,Normal,Normal,1004,田中四郎,M1009,14:09:44,Cash,,,0,1300
0002,2026-05-06,3,257,Sale,Normal,Normal,1004,田中四郎,M1002,15:22:20,Cash,,,0,560
0002,2026-05-06,3,258,Sale,Normal,Normal,1004,田中四郎,M1014,20:34:04,Credit,BarcodePay,399690979554,0,1090
0002,2026-05-06,2,259,Sale,Normal,Normal,1004,田中四郎,,18:40:02,GiftCard,,,0,540
0002,2026-05-06,1,260,Sale,Normal,Normal,1004,田中四郎,M1030,12:21:19,Cash,,,0,640
0002,2026-05-06,1,261,Sale,Rekey,Normal,1004,田中四郎,,16:42:43,GiftCard,,,0,390
0002,2026-05-06,2,262,Sale,Normal,Normal,1004,田中四郎,,18:10:12,Cash,,,0,130
0002,2026-05-06,1,263,Sale,Normal,Normal,1004,田中四郎,M1029,15:38:47,Cash,,,0,1120
0002,2026-05-06,1,264,Sale,Normal,Normal,1004,田中四郎,M1015,11:58:27,Credit,BarcodePay,557994381162,0,840
0002,2026-05-06,2,265,Sale,Normal,Normal,1005,渡辺五郎,M1016,13:26:32,Credit,Credit,988225790651,0,490
0002,2026-05-06,1,266,Sale,Normal,Normal,1005,渡辺五郎,M1019,09:46:46,Credit,BarcodePay,285814138744,100,760
0002,2026-05-06,2,267,Sale,Normal,Normal,1005,渡辺五郎,,17:43:38,Credit,EMoney,401971080564,0,780
0002,2026-05-06,2,268,Sale,Normal,Normal,1005,渡辺五郎,M1036,10:52:31,Cash,,,0,690
0002,2026-05-06,2,269,Sale,Normal,Normal,1005,渡辺五郎,,10:01:04,Credit,UnionPay,486246749277,0,1120
0002,2026-05-06,2,270,Sale,Normal,Normal,1005,渡辺五郎,,11:40:57,Cash,,,0,750
0002,2026-05-06,2,271,Sale,Normal,Normal,1005,渡辺五郎,M1009,18:48:36,GiftCard,,,100,460
0002,2026-05-06,1,272,Sale,Normal,Normal,1005,渡辺五郎,M1006,16:12:39,Cash,,,0,750
0001,2026-05-07,1,275,Sale,Normal,Normal,1001,佐藤一郎,,14:38:54,Credit,EMoney,920812005584,0,230
0001,2026-05-07,3,276,Sale,Rekey,Normal,1001,佐藤一郎,M1004,17:12:37,Cash,,,0,540
0001,2026-05-07,1,277,Sale,Normal,Normal,1001,佐藤一郎,M1014,12:27:24,Cash,,,0,350
0001,2026-05-07,3,278,Sale,Normal,Normal,1001,佐藤一郎,,17:24:16,Cash,,,0,360
0001,2026-05-07,2,279,Sale,Normal,Normal,1001,佐藤一郎,M1011,11:29:28,GiftCard,,,0,720
0001,2026-05-07,2,280,Sale,Rekey,Normal,1001,佐藤一郎,,12:33:32,Cash,,,0,140
0001,2026-05-07,3,281,Sale,Normal,Normal,1001,佐藤一郎,M1013,12:42:48,Cash,,,200,1040
0001,2026-05-07,1,282,Sale,Normal,Normal,1001,佐藤一郎,M1028,13:36:30,Cash,,,100,430
0001,2026-05-07,2,283,Sale,Normal,Normal,1001,佐藤一郎,M1004,18:53:33,Credit,UnionPay,788428445089,0,480
0001,2026-05-07,1,284,Sale,Rekey,Normal,1001,佐藤一郎,M1026,15:10:56,GiftCard,,,0,710
0001,2026-05-07,3,285,Sale,Normal,Normal,1001,佐藤一郎,M1018,10:32:02,Credit,BarcodePay,822394218101,200,840
0001,2026-05-07,1,286,Sale,Normal,Normal,1002,鈴木二郎,M1011,15:41:23,GiftCard,,,0,1120
0001,2026-05-07,3,287,Sale,Normal,Normal,1002,鈴木二郎,M1008,18:35:07,Cash,,,100,790
0001,2026-05-07,1,288,Sale,Normal,Normal,1002,鈴木二郎,,12:47:22,Cash,,,0,280
0001,2026-05-07,1,289,Sale,Normal,Normal,1002,鈴木二郎,M1021,13:44:42,Cash,,,0,160
0001,2026-05-07,3,290,Sale,Normal,Normal,1002,鈴木二郎,,14:17:59,GiftCard,,,0,290
0001,2026-05-07,2,291,Sale,Normal,Normal,1002,鈴木二郎,,15:16:00,Cash,,,0,560
0001,2026-05-07,3,292,Sale,Normal,Normal,1002,鈴木二郎,M1037,17:08:24,Cash,,,100,160
0001,2026-05-07,1,293,Sale,Normal,Normal,1002,鈴木二郎,,14:46:26,Credit,Credit,545577729388,0,920
0001,2026-05-07,2,294,Sale,Normal,Normal,1002,鈴木二郎,M1027,14:16:14,Cash,,,0,600
0001,2026-05-07,3,295,Return,Normal,Normal,1003,高橋三郎,,17:11:52,Cash,,,0,1770
0001,2026-05-07,2,296,Sale,Normal,Normal,1003,高橋三郎,M1016,12:31:41,Cash,,,0,180
0001,2026-05-07,2,297,Sale,Normal,Normal,1003,高橋三郎,,12:59:14,Cash,,,0,620
0001,2026-05-07,3,298,Sale,Normal,Normal,1003,高橋三郎,M1024,11:01:04,GiftCard,,,0,920
0001,2026-05-07,3,299,Sale,Normal,Normal,1003,高橋三郎,M1016,20:35:47,Cash,,,100,480
0001,2026-05-07,3,300,Sale,Normal,Normal,1003,高橋三郎,M1025,16:10:05,Cash,,,0,1210
0001,2026-05-07,2,301,Sale,Normal,Normal,1003,高橋三郎,M1031,09:43:28,Cash,,,0,1680
0001,2026-05-07,3,302,Sale,Normal,Normal,1004,田中四郎,M1010,11:25:48,Cash,,,0,910
0001,2026-05-07,2,303,Sale,Normal,Normal,1004,田中四郎,,17:04:42,Cash,,,0,1080
0001,2026-05-07,2,304,Sale,Normal,Normal,1004,田中四郎,,09:49:14,Credit,EMoney,450359652434,0,1000
0001,2026-05-07,3,305,Sale,Normal,Normal,1004,田中四郎,,10:56:31,Credit,BarcodePay,339472304207,0,580
0001,2026-05-07,2,306,Sale,Normal,Normal,1004,田中四郎,,17:06:56,Cash,,,0,930
0001,2026-05-07,1,307,Sale,Normal,Normal,1004,田中四郎,M1035,12:32:15,Credit,BarcodePay,642624713579,0,870
0001,2026-05-07,1,308,Sale,Normal,Normal,1004,田中四郎,M1037,20:20:55,Credit,Credit,881249298838,0,140
0001,2026-05-07,3,309,Sale,Normal,Normal,1004,田中四郎,M1027,20:08:05,Cash,,,0,520
0001,2026-05-07,1,310,Sale,Normal,Normal,1004,田中四郎,M1029,15:15:08,Cash,,,100,970
0001,2026-05-07,2,311,Return,Normal,Normal,1005,渡辺五郎,,14:06:21,Cash,,,0,500
0001,2026-05-07,1,312,Sale,Normal,Normal,1005,渡辺五郎,,13:50:27,Cash,,,0,1410
0001,2026-05-07,1,313,Sale,Normal,Normal,1005,渡辺五郎,M1010,10:14:33,Credit,Credit,111634316415,200,1130
0001,2026-05-07,2,314,Sale,Normal,Normal,1005,渡辺五郎,M1028,11:16:02,Credit,EMoney,522845482529,0,730
0001,2026-05-07,3,315,Sale,Normal,Normal,1005,渡辺五郎,M1010,10:57:57,Cash,,,0,490
0001,2026-05-07,3,316,Sale,Normal,Normal,1005,渡辺五郎,,20:16:32,GiftCard,,,0,770
0001,2026-05-07,1,317,Sale,Normal,Normal,1005,渡辺五郎,M1014,14:40:11,Credit,BarcodePay,549636074172,0,1190
0001,2026-05-07,3,318,Sale,Normal,Normal,1005,渡辺五郎,M1017,11:31:33,Cash,,,0,320
0001,2026-05-07,2,319,Sale,Normal,Normal,1005,渡辺五郎,M1028,14:34:12,Credit,Credit,526169433025,0,750
0002,2026-05-07,2,273,Sale,Normal,Normal,1001,佐藤一郎,M1035,09:40:59,Cash,,,0,300
0002,2026-05-07,1,274,Sale,Normal,Normal,1001,佐藤一郎,,11:34:09,Cash,,,0,440
0002,2026-05-07,3,275,Sale,Normal,Normal,1001,佐藤一郎,M1025,18:59:42,Credit,UnionPay,513179739587,200,280
0002,2026-05-07,1,276,Sale,Normal,Normal,1001,佐藤一郎,M1007,12:06:17,Credit,Credit,607683799667,0,510
0002,2026-05-07,2,277,Sale,Normal,Normal,1001,佐藤一郎,,09:07:43,Credit,UnionPay,964661337388,0,400
0002,2026-05-07,2,278,Sale,Normal,Normal,1001,佐藤一郎,M1036,09:48:59,Cash,,,0,260
0002,2026-05-07,2,279,Sale,Normal,Normal,1001,佐藤一郎,M1030,13:49:48,Credit,Credit,561103211331,0,620
0002,2026-05-07,3,280,Sale,Normal,Normal,1002,鈴木二郎,,11:29:46,Credit,EMoney,414665864306,0,840
0002,2026-05-07,3,281,Sale,Normal,Normal,1002,鈴木二郎,,19:52:06,Cash,,,0,520
0002,2026-05-07,2,282,Return,Normal,Normal,1002,鈴木二郎,M1030,16:43:42,Cash,,,0,850
0002,2026-05-07,1,283,Sale,Normal,Normal,1002,鈴木二郎,M1037,09:31:24,Cash,,,0,510
0002,2026-05-07,3,284,Return,Normal,Normal,1002,鈴木二郎,M1032,17:45:03,Credit,EMoney,143584366313,0,910
0002,2026-05-07,2,285,Sale,Normal,Normal,1002,鈴木二郎,M1034,15:56:59,Credit,UnionPay,785681213652,200,400
0002,2026-05-07,1,286,Sale,Normal,Normal,1002,鈴木二郎,M1023,15:56:12,Cash,,,0,360
0002,2026-05-07,3,287,Sale,Normal,Normal,1002,鈴木二郎,,18:52:23,Credit,EMoney,981959815267,0,860
0002,2026-05-07,2,288,Sale,Normal,Normal,1002,鈴木二郎,M1028,13:13:11,Cash,,,0,220
0002,2026-05-07,3,289,Sale,Normal,Normal,1002,鈴木二郎,M1015,15:29:57,Cash,,,0,390
0002,2026-05-07,3,290,Sale,Normal,Normal,1002,鈴木二郎,M1019,09:03:22,GiftCard,,,0,1400
0002,2026-05-07,2,291,Sale,Normal,Normal,1003,高橋三郎,M1014,09:57:47,Credit,EMoney,738161543066,0,580
0002,2026-05-07,3,292,Sale,Normal,Normal,1003,高橋三郎,M1010,13:25:12,Credit,Credit,721116772646,0,240
0002,2026-05-07,2,293,Sale,Normal,Normal,1003,高橋三郎,,11:50:57,Cash,,,0,580
0002,2026-05-07,1,294,Sale,Normal,Normal,1003,高橋三郎,,11:17:20,Cash,,,0,170
0002,2026-05-07,2,295,Sale,Normal,Normal,1003,高橋三郎,,09:50:25,Cash,,,0,1310
0002,2026-05-07,2,296,Sale,Normal,Normal,1003,高橋三郎,,11:14:11,Cash,,,0,1070
0002,2026-05-07,1,297,Sale,Normal,Normal,1003,高橋三郎,,14:30:07,GiftCard,,,0,670
0002,2026-05-07,2,298,Return,Normal,Normal,1003,高橋三郎,,15:33:08,Cash,,,0,400
0002,2026-05-07,2,299,Sale,Normal,Normal,1004,田中四郎,M1032,20:16:28,GiftCard,,,200,690
0002,2026-05-07,1,300,Sale,Normal,Normal,1004,田中四郎,,17:10:22,Credit,BarcodePay,595356924575,0,520
0002,2026-05-07,3,301,Sale,Normal,Normal,1004,田中四郎,M1001,13:18:01,Cash,,,0,760
0002,2026-05-07,2,302,Sale,Normal,Normal,1004,田中四郎,,20:24:38,Cash,,,0,530
0002,2026-05-07,1,303,Sale,Normal,Normal,1004,田中四郎,M1007,17:04:28,Cash,,,0,130
0002,2026-05-07,1,304,Sale,Normal,Normal,1004,田中四郎,,10:39:15,GiftCard,,,0,550
0002,2026-05-07,1,305,Sale,Normal,Normal,1004,田中四郎,M1006,18:53:05,Cash,,,0,480
0002,2026-05-07,1,306,Sale,Normal,Normal,1004,田中四郎,M1008,09:02:38,Cash,,,0,360
0002,2026-05-07,3,307,Sale,Normal,Normal,1004,田中四郎,,09:00:49,Credit,BarcodePay,782614758836,0,1400
0002,2026-05-07,2,308,Sale,Normal,Normal,1004,田中四郎,M1022,10:16:49,Cash,,,0,1540
0002,2026-05-07,3,309,Sale,Normal,Normal,1005,渡辺五郎,,20:55:30,Cash,,,0,1160
0002,2026-05-07,3,310,Sale,Normal,Normal,1005,渡辺五郎,,19:13:42,Credit,UnionPay,773676836443,0,320
0002,2026-05-07,1,311,Sale,Normal,Normal,1005,渡辺五郎,,15:06:46,Cash,,,0,240
0002,2026-05-07,2,312,Sale,Normal,Normal,1005,渡辺五郎,M1020,16:56:08,Cash,,,0,800
0002,2026-05-07,1,313,Sale,Normal,Normal,1005,渡辺五郎,M1031,13:26:53,Credit,UnionPay,169847947745,0,320
0002,2026-05-07,1,314,Sale,Rekey,Normal,1005,渡辺五郎,M1002,10:25:00,Credit,BarcodePay,495258036182,0,740
0002,2026-05-07,2,315,Sale,Normal,Normal,1005,渡辺五郎,M1010,17:29:37,Credit,Credit,406070350928,200,280
0002,2026-05-07,3,316,Sale,Normal,Normal,1005,渡辺五郎,M1011,15:59:46,Credit,BarcodePay,927623859278,0,700
0002,2026-05-07,1,317,Sale,Normal,Normal,1005,渡辺五郎,,09:23:23,Cash,,,0,1290
0001,2026-05-01,3,320,Sale,Normal,Normal,1003,高橋三郎,,11:14:20,GiftCard,,,0,900
0001,2026-05-01,3,321,Sale,Normal,Normal,1003,高橋三郎,,13:50:54,GiftCard,,,0,1980
0001,2026-05-01,2,322,Sale,Normal,Normal,1003,高橋三郎,,12:29:13,GiftCard,,,0,1980
0001,2026-05-01,2,323,Sale,Normal,Normal,1003,高橋三郎,,12:45:49,Cash,,,0,1110
0001,2026-05-01,3,324,Sale,Normal,Normal,1003,高橋三郎,,11:52:11,Cash,,,0,2190
0001,2026-05-02,1,325,Sale,Normal,Normal,1003,高橋三郎,,19:56:46,Cash,,,0,1980
0001,2026-05-02,2,326,Sale,Normal,Normal,1003,高橋三郎,,09:25:18,Credit,Credit,484663875276,0,990
0001,2026-05-02,1,327,Sale,Normal,Normal,1003,高橋三郎,,13:06:14,Cash,,,0,1950
0001,2026-05-02,1,328,Sale,Normal,Normal,1003,高橋三郎,,16:49:52,GiftCard,,,0,1410
0001,2026-05-02,2,329,Sale,Normal,Normal,1003,高橋三郎,,14:44:23,Cash,,,0,1710
0001,2026-05-03,2,330,Sale,Normal,Normal,1003,高橋三郎,,17:22:34,Credit,EMoney,532631283557,0,1920
0001,2026-05-03,3,331,Sale,Normal,Normal,1003,高橋三郎,,15:33:28,Credit,EMoney,928727435554,0,2190
0001,2026-05-03,2,332,Sale,Normal,Normal,1003,高橋三郎,,10:48:34,GiftCard,,,0,810
0001,2026-05-03,3,333,Sale,Normal,Normal,1003,高橋三郎,,11:19:00,Cash,,,0,960
0001,2026-05-03,1,334,Sale,Normal,Normal,1003,高橋三郎,,15:42:38,Cash,,,0,900
0001,2026-05-04,3,335,Sale,Normal,Normal,1003,高橋三郎,,14:40:15,Credit,UnionPay,360771745576,0,840
0001,2026-05-04,3,336,Sale,Normal,Normal,1003,高橋三郎,,18:47:21,Credit,BarcodePay,591856400213,0,1470
0001,2026-05-04,2,337,Sale,Normal,Normal,1003,高橋三郎,,20:07:33,GiftCard,,,0,1920
0001,2026-05-04,1,338,Sale,Normal,Normal,1003,高橋三郎,,17:53:10,Credit,EMoney,989473951203,0,2010
0001,2026-05-04,1,339,Sale,Normal,Normal,1003,高橋三郎,,09:37:46,GiftCard,,,0,2190
0001,2026-05-05,2,340,Sale,Normal,Normal,1003,高橋三郎,,15:12:49,Cash,,,0,960
0001,2026-05-05,3,341,Sale,Normal,Normal,1003,高橋三郎,,14:18:36,Cash,,,0,2190
0001,2026-05-05,3,342,Sale,Normal,Normal,1003,高橋三郎,,13:44:35,Cash,,,0,2010
0001,2026-05-05,2,343,Sale,Normal,Normal,1003,高橋三郎,,14:00:51,GiftCard,,,0,990
0001,2026-05-05,2,344,Sale,Normal,Normal,1003,高橋三郎,,15:56:15,Cash,,,0,1380
0001,2026-05-06,3,345,Sale,Normal,Normal,1003,高橋三郎,,09:33:20,Cash,,,0,960
0001,2026-05-06,2,346,Sale,Normal,Normal,1003,高橋三郎,,12:36:59,Cash,,,0,1230
0001,2026-05-06,1,347,Sale,Normal,Normal,1003,高橋三郎,,18:41:59,Cash,,,0,1320
0001,2026-05-06,1,348,Sale,Normal,Normal,1003,高橋三郎,,19:05:22,Cash,,,0,1950
0001,2026-05-06,1,349,Sale,Normal,Normal,1003,高橋三郎,,17:28:57,Cash,,,0,810
0001,2026-05-07,2,350,Sale,Normal,Normal,1003,高橋三郎,,12:16:50,GiftCard,,,0,810
0001,2026-05-07,3,351,Sale,Normal,Normal,1003,高橋三郎,,13:02:08,Credit,Credit,548005638481,0,840
0001,2026-05-07,1,352,Sale,Normal,Normal,1003,高橋三郎,,09:03:44,Credit,BarcodePay,188345780637,0,960
0001,2026-05-07,2,353,Sale,Normal,Normal,1003,高橋三郎,,11:51:02,Credit,BarcodePay,234925808794,0,2190
0001,2026-05-07,1,354,Sale,Normal,Normal,1003,高橋三郎,,17:09:54,GiftCard,,,0,900
